{"perplexity/cooking/adapter":75.16575842387572,"confusion_matrix":{"log_mode":"IMMUTABLE","path":"media/table/confusion_matrix_4_5565a6e07fa7a3f49a14.table.json","_type":"table-file","ncols":4,"artifact_path":"wandb-client-artifact://k3siv9cp5ev42x5mjam88wriw3aydx08ba7282vsb43jut57z2ylazyczugv4duitot00qhtz5hdfvsaro7dhwa9cxgwlp0iddvr0v3hnfuh7d8oejc82t22uijygj70/confusion_matrix.table.json","sha256":"5565a6e07fa7a3f49a147aa949fce6f800b3cea8575e317524de5ab701b709b9","size":131,"_latest_artifact_path":"wandb-client-artifact://0peqo94mba4egtq2sw03253szyj1j4fj6kwsjtzkvc3fmvkc1074g4ojnba92iq5dmfcxoqwjwn35blnvrdeborkpimo0ti7t6ilabzl7lfwlgsd7hruqkpx4yzujrvg:latest/confusion_matrix.table.json","nrows":3},"perplexity/finance/base":115.28190902952048,"_wandb":{"runtime":12},"summary/size_lora":18464768,"_runtime":12,"summary/perplexity_context_memory":84.768479556091,"_step":4,"perplexity/cooking/base":74.02076365809143,"perplexity/fitness/adapter":101.8719237964418,"summary/size_nktmirror":20432,"summary/perplexity_base":97.1892747723396,"perplexity/finance/context_memory":87.76506921894168,"summary/perplexity_adapter":97.02597624424759,"perplexity/finance/adapter":114.04024651242526,"perplexity/cooking/context_memory":74.7697214559638,"_timestamp":1.7808082338727975e+09,"perplexity/fitness/context_memory":91.77064799336749,"perplexity/fitness/base":102.2651516294069}